Gansu Agricultural University	China
Hebei Agricultural University	China
Shanxi Agricultural University	China
Tanta University	Egypt
Yangtze University	China
Damanhour University	Egypt
Foshan University	China
Jiangxi Agricultural University	China
University of Molise	Italy
Agricultural University of Athens	Greece
AgroSup Dijon	France
Benha University	Egypt
Government College University Faisalabad	Pakistan
Inner Mongolia Agricultural University	China
Jilin Agricultural University	China
Jimei University	China
Kasetsart University	Thailand
Saitama University	Japan
Slovak University of Agriculture in Nitra	Slovakia
Technical University in Zvolen	Slovakia
Universidad de La Rioja	Spain
University of Kurdistan	Iran
Chubu University	Japan
University of Colorado Anschutz Medical Campus	United States
Universidad Mayor	Chile
University of Latvia	Latvia
University of Colorado Anschutz Medical Campus	United States
Shandong Agricultural University	China
University of Colorado Anschutz Medical Campus	United States
Agricultural University of Athens	Greece
Government College University Faisalabad	Pakistan
Shantou University	China
Shihezi University	China
Babson College	United States
University of Vaasa	Finland
IE University	Spain
Zayed University	United Arab Emirates
Kingston University	United Kingdom
Lingnan University	Hong Kong
University of Richmond	United States
Chongqing Technology and Business University	China
Tshwane University of Technology	South Africa
Ningxia University	China
Shihezi University	China
Kasetsart University	Thailand
Kaunas University of Technology	Lithuania
Liaoning University	China
Shandong University of Technology	China
Shanghai University of Engineering Science	China
Tanta University	Egypt
University of Baghdad	Iraq
Xinjiang University	China
Meijo University	Japan
Tamkang University	Taiwan
University of Tabuk	Saudi Arabia
Wuyi University	China
Shenyang Jianzhu University	China
University of Colorado Anschutz Medical Campus	United States
Uniformed Services University of the Health Sciences	United States
IT University of Copenhagen	Denmark
Bloomsburg University of Pennsylvania	United States
Zayed University	United Arab Emirates
University of Lincoln	United Kingdom
Asia University	Japan
National Institute of Technology Kurukshetra	India
University of Colorado Anschutz Medical Campus	United States
University of Kurdistan	Iran
Pontificia Universidad Cat√≥lica del Ecuador	Ecuador
Bogor Agricultural University	Indonesia
University of Alaska - Anchorage	United States
Anhui University of Finance and Economics	China
IE University	Spain
Istanbul Medeniyet University	Turkey
University of Alaska - Anchorage	United States
University of Colorado Anschutz Medical Campus	United States
Uniformed Services University of the Health Sciences	United States
Guangdong University of Foreign Studies	China
Beijing Foreign Studies University	China
Seton Hall University	United States
Near East University	Cyprus
Tanta University	Egypt
Prince Mohammad Bin Fahd University	Saudi Arabia
University of Sharjah	United Arab Emirates
Benha University	Egypt
Shahrood University of Technology	Iran
Chongqing Technology and Business University	China
American University of Sharjah	United Arab Emirates
AgroSup Dijon	France
Shandong Agricultural University	China
Agricultural University of Athens	Greece
Prince of Songkla University	Thailand
University of Foggia	Italy
Gansu Agricultural University	China
Guru Nanak Dev University	India
Jiangxi Agricultural University	China
Jimei University	China
Selcuk University	Turkey
Universidad de Burgos	Spain
Universidad de La Rioja	Spain
University of Teramo	Italy
Urmia University	Iran
Dong-A University	Korea, Republic of
Ming Chuan University	Taiwan
Beijing International Studies University	China
Beijing Union University	China
Dongbei University of Finance And Economics	China
University of Mauritius	Mauritius
Akdeniz University	Turkey
National Chi Nan University	Taiwan
National Dong Hwa University	Taiwan
Nevsehir Haci Bektas Veli University	Turkey
Wakayama University	Japan
College of Charleston	United States
Kyonggi University	Korea, Republic of
Lingnan University	Hong Kong
University of Lincoln	United Kingdom
University of Sunderland	United Kingdom
Zayed University	United Arab Emirates
University of Colorado Anschutz Medical Campus	United States
Alfaisal University	Saudi Arabia
Uniformed Services University of the Health Sciences	United States
Universidad Europea de Madrid	Spain
University of Richmond	United States
University of Lincoln	United Kingdom
Seattle University	United States
University of Colorado Anschutz Medical Campus	United States
IE University	Spain
Babson College	United States
Dongbei University of Finance And Economics	China
University of Derby	United Kingdom
Lingnan University	Hong Kong
University of Vaasa	Finland
University of Mohaghegh Ardabili	Iran
University of Tabuk	Saudi Arabia
Wuyi University	China
Asia University	Japan
Government College University Faisalabad	Pakistan
University of Sargodha	Pakistan
Imam Khomeini International University	Iran
Shahrood University of Technology	Iran
Hanoi University of Science and Technology	Viet Nam
University of Guilan	Iran
Urmia University	Iran
University of Colorado Anschutz Medical Campus	United States
Uniformed Services University of the Health Sciences	United States
Belgorod State University	Russian Federation
Nagaoka University of Technology	Japan
Ufa State Aviation Technical University	Russian Federation
University of Colorado Anschutz Medical Campus	United States
Akdeniz University	Turkey
Hashemite University	Jordan
University of Colorado Anschutz Medical Campus	United States
Asia University	Japan
Chengdu University of Traditional Chinese Medicine	China
King Faisal University	Saudi Arabia
University of Tabuk	Saudi Arabia
University of Ruhuna	Sri Lanka
Beykent University	Turkey
Hellenic Open University	Greece
Bowdoin College	United States
University of Colorado Anschutz Medical Campus	United States
Uniformed Services University of the Health Sciences	United States
University of Colorado Anschutz Medical Campus	United States
University of Colorado Anschutz Medical Campus	United States
University of Cape Coast	Ghana
Mekelle University	Ethiopia
Manipal University	India
University of Dhaka	Bangladesh
Shandong Agricultural University	China
Kasetsart University	Thailand
Foshan University	China
Jilin Agricultural University	China
University of Prince Edward Island	Canada
University of Teramo	Italy
Benha University	Egypt
Damanhour University	Egypt
Shanxi Agricultural University	China
Yangtze University	China
Azabu University	Japan
Bangladesh Agricultural University	Bangladesh
Gansu Agricultural University	China
Hanoi University of Agriculture	Viet Nam
Hebei Agricultural University	China
Inner Mongolia Agricultural University	China
Jiangxi Agricultural University	China
Jimei University	China
King Faisal University	Saudi Arabia
Prince of Songkla University	Thailand
Qinghai University	China
Sokoine University of Agriculture	Tanzania, United Republic of
University of Khartoum	Sudan
University of Lincoln	United Kingdom
